job_id,domain,job,e2e,oep_skills,nvidia_skills,routing,notes,oep_skills_per_job,nvidia_skills_per_job,oep_median_words,oep_has_refs
ORCH-01,orchestration,Turn a business objective into a working Intel Edge AI app without naming a skill,Y,metro-ai-app-builder,,entry,OEP progressive-disclosure exemplar,1,0,2353,Y
VIS-01,vision-deploy,Stand up live CV analytics (cameras to annotated WebRTC + alerts),Y,metro-ai-app-recipe,deepstream-generate-pipeline;deepstream-run-mv3dt;rtvi-cv-scaffold-vss-service,leaf,NV over-split risk,1,3,2072,Y
VIS-02,vision-build,Build a custom vision pipeline app (Python/C/C++/gst-launch),Y,dlstreamer-coding-agent,deepstream-dev;deepstream-generate-pipeline;deepstream-import-vision-model,leaf,OEP consolidates; NV shards,1,3,2711,Y
VIS-03,vision-ops,Deploy and operate pipeline server via REST,Y,dlsps-user,deepstream-sop;rtvi-cv-scaffold-vss-service,leaf,fit,1,2,1128,Y
VIS-04,vision-ops,Profile / tune vision pipeline performance,N,,deepstream-profile-pipeline,gap,OEP gap,0,1,,
SPA-01,spatial,Deploy multi-camera SceneScape from streams to tracking verified,Y,scenescape-setup,amc-setup-calibration-stack;amc-run-video-calibration;deepstream-run-mv3dt,leaf,OEP one deep skill,1,3,902,Y
VSS-01,vss,Deploy VSS locally (Compose modes health),Y,vss-deploy,vss-deploy-profile;vss-deploy-dense-captioning;vss-deploy-video-embedding;vss-deploy-detection-tracking-2d;vss-deploy-detection-tracking-3d,leaf,NV profile shards,1,5,2087,Y
VSS-02,vss,Deploy VSS on Kubernetes (Helm),Y,vss-deploy-helm,vss-deploy-profile,leaf,variant split OK,1,1,1770,Y
VSS-03,vss,Summarize a video via Pipeline Manager,Y,vss-summarize-video,vss-summarize-video;vss-ask-video;vss-generate-video-report,leaf,watch NV adjacent shards,1,3,1174,Y
VSS-04,vss,Search a video library with natural language,Y,vss-search-index,vss-search-archive,leaf,fit,1,1,1202,Y
VSS-05,vss,Manage alerts / incidents,N,,vss-manage-alerts,gap,OEP gap,0,1,,
VSS-06,vss,Query analytics / sensors / behavior APIs,N,,vss-query-analytics;vss-setup-video-analytics-api;vss-setup-behavior-analytics,gap,OEP gap; NV fragmented,0,3,,
RAG-01,rag,Deploy ChatQnA / RAG (Docker),Y,chatqna-docker-deploy,rag-blueprint;nemo-retriever;aiq-deploy,leaf,fit,1,3,1566,Y
RAG-02,rag,Deploy ChatQnA / RAG (Helm),Y,chatqna-helm-deploy,rag-blueprint,leaf,variant split OK,1,1,1186,Y
RAG-03,rag,Evaluate RAG quality / performance,N,,rag-eval;rag-perf,gap,OEP gap,0,2,,
MM-01,multimodal,Deploy multimodal embedding serving,Y,multimodal-embedding-serving-user,vss-deploy-video-embedding,leaf,NV partial,1,1,853,Y
MM-02,multimodal,Ingest media into vector/media store,Y,multimodal-dataprep-user,vss-manage-video-io-storage,leaf,NV partial,1,1,966,Y
MOD-01,models,Download and convert models for edge (OVMS/OpenVINO),Y,model-download-user,deepstream-import-vision-model;tao-run-inference-service,leaf,fit,1,2,1420,Y
TS-01,timeseries,Build time-series analytics use case on microservice,Y,time-series-analytics-user,,leaf,OEP-only,1,0,1515,Y
CVT-01,cv-train,Discover GetiTune models / recipes,N,getitune-discovering-models,tao-list-capabilities,leaf,thin risk,1,1,380,N
CVT-02,cv-train,Prepare CV training dataset,N,getitune-preparing-datasets,tao-convert-dataset-format;tao-validate-dataset-format,leaf,fit,1,2,498,N
CVT-03,cv-train,Train / fine-tune CV model,Y,getitune-training-a-model,tao-train-single-step;tao-finetune-huggingface-model;tao-run-automl,leaf,NV model-sharding elsewhere,1,3,702,N
CVT-04,cv-train,Export model (OpenVINO IR / ONNX),Y,getitune-exporting-a-model,,leaf,fit,1,0,443,N
CVT-05,cv-train,Quantize / optimize exported model,Y,getitune-optimizing-a-model,,leaf,OEP strength,1,0,417,N
CVT-06,cv-train,Run inference / evaluate,Y,getitune-running-inference,tao-run-inference-service,leaf,thin risk,1,1,356,N
CVT-07,cv-train,Geti app E2E (project to annotate to train to deploy),Y,geti-using-the-pipeline,,leaf,OEP-only,1,0,740,N
ANM-01,anomaly,Train anomalib model,Y,anomalib-training,physical-ai-defect-image-generation,leaf,NV adjacent (paidf-anomalygen removed upstream),1,1,667,Y
ANM-02,anomaly,Add anomalib model architecture,N,anomalib-adding-a-model,,leaf,contributor,1,0,840,Y
ANM-03,anomaly,Add anomalib datamodule,N,anomalib-adding-a-datamodule,,leaf,contributor,1,0,1583,Y
ANM-04,anomaly,Benchmark anomalib grid,Y,anomalib-benchmarking,,leaf,fit,1,0,525,Y
ANM-05,anomaly,Tiled ensemble high-res detection,Y,anomalib-tiled-ensemble,,leaf,fit,1,0,642,Y
PAI-01,pai-train,Prepare policy datasets (LeRobot),N,physicalai-train-working-with-datasets,i4h-workflow-dataset-teleop;i4h-workflow-dataset-convert,leaf,fit,1,2,572,N
PAI-02,pai-train,Train robot policy,Y,physicalai-train-training-a-policy,i4h-workflow-finetune;i4h-workflow,leaf,fit,1,2,788,N
PAI-03,pai-train,Add new policy family,N,physicalai-train-adding-a-policy,,leaf,contributor,1,0,630,Y
PAI-04,pai-train,Benchmark policy in sim,Y,physicalai-train-benchmarking-a-policy,i4h-workflow-validate,leaf,fit,1,1,527,N
PAI-05,pai-train,Export and validate policy for runtime,Y,physicalai-train-exporting-and-validating,i4h-workflow-e2e,leaf,fit,1,1,524,Y
PAI-06,pai-runtime,Load exported policy in runtime,Y,physicalai-runtime-loading-exported-policies,,leaf,thin risk,1,0,351,Y
PAI-07,pai-runtime,Configure inference pre/post pipeline,N,physicalai-runtime-configuring-inference-pipeline,,leaf,thin risk,1,0,287,N
PAI-08,pai-runtime,Run policy on robot hardware,Y,physicalai-runtime-running-policy-on-robot,i4h-workflow-e2e,leaf,thin risk; i4h-catheter-* removed upstream,1,1,350,N
PAI-09,pai-runtime,Add camera backend,N,physicalai-runtime-adding-a-camera-backend,,leaf,contributor; thin,1,0,304,N
PAI-10,pai-runtime,Add robot integration,N,physicalai-runtime-adding-a-robot-integration,,leaf,contributor; thin,1,0,233,Y
PAI-11,pai-sim,CAD to sim neural recon synthetic augment auto-label,N,,omniverse-cad-to-simready;physical-ai-neural-reconstruction;physical-ai-defect-image-generation;paidf-augmentation;paidf-auto-labeling,gap-nvidia-only,NVIDIA-only on taxonomy,0,5,,
CLI-01,platform,Install / manage OEP components and profiles via openedge-cli,Y,openedge-cli,,leaf,OEP-only,1,0,385,N
UAV-01,uav,Operate UAV Mission Compute SDK (PX4 telemetry cameras missions edge AI demos),Y,uav-mission-compute-sdk,,leaf,OEP-only,1,0,510,Y
